"08/05/2026 09:00","In vielen Unternehmen beginnt ein Arbeitsschritt mit einer Suche.

Ein Mitarbeiter braucht ein Dokument.

Doch zuerst beginnt die Suche.

Im Ordner.
Im E-Mail-Postfach.
Im Server.
Oder bei einem Kollegen.

„Wo finde ich die Datei?“
„Wer hat das zuletzt bearbeitet?“
„In welchem Ordner liegt das?“

Diese Situationen wirken klein.

Doch sie passieren jeden Tag.

Und über Wochen entsteht daraus eine erstaunliche Menge an verlorener Zeit.

In vielen Projekten sehen wir genau dieses Muster.

Deshalb bauen wir aktuell immer häufiger interne KI-Assistenten, die Dokumente und Informationen sofort finden können.

Ein Mitarbeiter stellt eine Frage.

Und das System liefert direkt die passende Datei oder Information.

Viele Unternehmer sind überrascht, wie viel Zeit genau dort zurückgewonnen werden kann.

Mehr dazu unter:","https://www.kiwerk.one/partner/rhein-necka"
"08/05/2026 12:00","In vielen Unternehmen beginnt ein Arbeitsschritt mit einer Suche.

Ein Mitarbeiter braucht ein Dokument.

Doch zuerst beginnt die Suche.

Im Ordner.
Im E-Mail-Postfach.
Im Server.
Oder bei einem Kollegen.

„Wo finde ich die Datei?“
„Wer hat das zuletzt bearbeitet?“
„In welchem Ordner liegt das?“

Diese Situationen wirken klein.

Doch sie passieren jeden Tag.

Und über Wochen entsteht daraus eine erstaunliche Menge an verlorener Zeit.

In vielen Projekten sehen wir genau dieses Muster.

Deshalb bauen wir aktuell immer häufiger interne KI-Assistenten, die Dokumente und Informationen sofort finden können.

Ein Mitarbeiter stellt eine Frage.

Und das System liefert direkt die passende Datei oder Information.

Viele Unternehmer sind überrascht, wie viel Zeit genau dort zurückgewonnen werden kann.

Mehr dazu unter:","https://www.kiwerk.one/partner/hamburg"
"11/05/2026 09:00","In vielen Unternehmen beginnt ein Arbeitsschritt mit einer Suche.

Ein Mitarbeiter braucht ein Dokument.

Doch zuerst beginnt die Suche.

Im Ordner.
Im E-Mail-Postfach.
Im Server.
Oder bei einem Kollegen.

„Wo finde ich die Datei?“
„Wer hat das zuletzt bearbeitet?“
„In welchem Ordner liegt das?“

Diese Situationen wirken klein.

Doch sie passieren jeden Tag.

Und über Wochen entsteht daraus eine erstaunliche Menge an verlorener Zeit.

In vielen Projekten sehen wir genau dieses Muster.

Deshalb bauen wir aktuell immer häufiger interne KI-Assistenten, die Dokumente und Informationen sofort finden können.

Ein Mitarbeiter stellt eine Frage.

Und das System liefert direkt die passende Datei oder Information.

Viele Unternehmer sind überrascht, wie viel Zeit genau dort zurückgewonnen werden kann.

Mehr dazu unter:","https://www.kiwerk.one/partner/datify"
"11/05/2026 12:00","In vielen Unternehmen beginnt ein Arbeitsschritt mit einer Suche.

Ein Mitarbeiter braucht ein Dokument.

Doch zuerst beginnt die Suche.

Im Ordner.
Im E-Mail-Postfach.
Im Server.
Oder bei einem Kollegen.

„Wo finde ich die Datei?“
„Wer hat das zuletzt bearbeitet?“
„In welchem Ordner liegt das?“

Diese Situationen wirken klein.

Doch sie passieren jeden Tag.

Und über Wochen entsteht daraus eine erstaunliche Menge an verlorener Zeit.

In vielen Projekten sehen wir genau dieses Muster.

Deshalb bauen wir aktuell immer häufiger interne KI-Assistenten, die Dokumente und Informationen sofort finden können.

Ein Mitarbeiter stellt eine Frage.

Und das System liefert direkt die passende Datei oder Information.

Viele Unternehmer sind überrascht, wie viel Zeit genau dort zurückgewonnen werden kann.

Mehr dazu unter:","https://www.kiwerk.one/partner/niederrhein"
"12/05/2026 09:00","In vielen Unternehmen beginnt ein Arbeitsschritt mit einer Suche.

Ein Mitarbeiter braucht ein Dokument.

Doch zuerst beginnt die Suche.

Im Ordner.
Im E-Mail-Postfach.
Im Server.
Oder bei einem Kollegen.

„Wo finde ich die Datei?“
„Wer hat das zuletzt bearbeitet?“
„In welchem Ordner liegt das?“

Diese Situationen wirken klein.

Doch sie passieren jeden Tag.

Und über Wochen entsteht daraus eine erstaunliche Menge an verlorener Zeit.

In vielen Projekten sehen wir genau dieses Muster.

Deshalb bauen wir aktuell immer häufiger interne KI-Assistenten, die Dokumente und Informationen sofort finden können.

Ein Mitarbeiter stellt eine Frage.

Und das System liefert direkt die passende Datei oder Information.

Viele Unternehmer sind überrascht, wie viel Zeit genau dort zurückgewonnen werden kann.

Mehr dazu unter:","https://www.kiwerk.one/partner/fis-tech"
"12/05/2026 12:00","In vielen Unternehmen beginnt ein Arbeitsschritt mit einer Suche.

Ein Mitarbeiter braucht ein Dokument.

Doch zuerst beginnt die Suche.

Im Ordner.
Im E-Mail-Postfach.
Im Server.
Oder bei einem Kollegen.

„Wo finde ich die Datei?“
„Wer hat das zuletzt bearbeitet?“
„In welchem Ordner liegt das?“

Diese Situationen wirken klein.

Doch sie passieren jeden Tag.

Und über Wochen entsteht daraus eine erstaunliche Menge an verlorener Zeit.

In vielen Projekten sehen wir genau dieses Muster.

Deshalb bauen wir aktuell immer häufiger interne KI-Assistenten, die Dokumente und Informationen sofort finden können.

Ein Mitarbeiter stellt eine Frage.

Und das System liefert direkt die passende Datei oder Information.

Viele Unternehmer sind überrascht, wie viel Zeit genau dort zurückgewonnen werden kann.

Mehr dazu unter:","https://www.kiwerk.one/partner/mannheim-ludwigshafen-heidelberg"
"13/05/2026 09:00","In vielen Unternehmen beginnt ein Arbeitsschritt mit einer Suche.

Ein Mitarbeiter braucht ein Dokument.

Doch zuerst beginnt die Suche.

Im Ordner.
Im E-Mail-Postfach.
Im Server.
Oder bei einem Kollegen.

„Wo finde ich die Datei?“
„Wer hat das zuletzt bearbeitet?“
„In welchem Ordner liegt das?“

Diese Situationen wirken klein.

Doch sie passieren jeden Tag.

Und über Wochen entsteht daraus eine erstaunliche Menge an verlorener Zeit.

In vielen Projekten sehen wir genau dieses Muster.

Deshalb bauen wir aktuell immer häufiger interne KI-Assistenten, die Dokumente und Informationen sofort finden können.

Ein Mitarbeiter stellt eine Frage.

Und das System liefert direkt die passende Datei oder Information.

Viele Unternehmer sind überrascht, wie viel Zeit genau dort zurückgewonnen werden kann.

Mehr dazu unter:","https://www.kiwerk.one/partner/muenchen"
"13/05/2026 12:00","In vielen Unternehmen beginnt ein Arbeitsschritt mit einer Suche.

Ein Mitarbeiter braucht ein Dokument.

Doch zuerst beginnt die Suche.

Im Ordner.
Im E-Mail-Postfach.
Im Server.
Oder bei einem Kollegen.

„Wo finde ich die Datei?“
„Wer hat das zuletzt bearbeitet?“
„In welchem Ordner liegt das?“

Diese Situationen wirken klein.

Doch sie passieren jeden Tag.

Und über Wochen entsteht daraus eine erstaunliche Menge an verlorener Zeit.

In vielen Projekten sehen wir genau dieses Muster.

Deshalb bauen wir aktuell immer häufiger interne KI-Assistenten, die Dokumente und Informationen sofort finden können.

Ein Mitarbeiter stellt eine Frage.

Und das System liefert direkt die passende Datei oder Information.

Viele Unternehmer sind überrascht, wie viel Zeit genau dort zurückgewonnen werden kann.

Mehr dazu unter:","https://www.kiwerk.one"
"14/05/2026 09:00","In vielen Unternehmen beginnt ein Arbeitsschritt mit einer Suche.

Ein Mitarbeiter braucht ein Dokument.

Doch zuerst beginnt die Suche.

Im Ordner.
Im E-Mail-Postfach.
Im Server.
Oder bei einem Kollegen.

„Wo finde ich die Datei?“
„Wer hat das zuletzt bearbeitet?“
„In welchem Ordner liegt das?“

Diese Situationen wirken klein.

Doch sie passieren jeden Tag.

Und über Wochen entsteht daraus eine erstaunliche Menge an verlorener Zeit.

In vielen Projekten sehen wir genau dieses Muster.

Deshalb bauen wir aktuell immer häufiger interne KI-Assistenten, die Dokumente und Informationen sofort finden können.

Ein Mitarbeiter stellt eine Frage.

Und das System liefert direkt die passende Datei oder Information.

Viele Unternehmer sind überrascht, wie viel Zeit genau dort zurückgewonnen werden kann.

Mehr dazu unter:","https://www.kiwerk.one/partner/ravensburg"
"14/05/2026 12:00","In vielen Unternehmen beginnt ein Arbeitsschritt mit einer Suche.

Ein Mitarbeiter braucht ein Dokument.

Doch zuerst beginnt die Suche.

Im Ordner.
Im E-Mail-Postfach.
Im Server.
Oder bei einem Kollegen.

„Wo finde ich die Datei?“
„Wer hat das zuletzt bearbeitet?“
„In welchem Ordner liegt das?“

Diese Situationen wirken klein.

Doch sie passieren jeden Tag.

Und über Wochen entsteht daraus eine erstaunliche Menge an verlorener Zeit.

In vielen Projekten sehen wir genau dieses Muster.

Deshalb bauen wir aktuell immer häufiger interne KI-Assistenten, die Dokumente und Informationen sofort finden können.

Ein Mitarbeiter stellt eine Frage.

Und das System liefert direkt die passende Datei oder Information.

Viele Unternehmer sind überrascht, wie viel Zeit genau dort zurückgewonnen werden kann.

Mehr dazu unter:","https://www.kiwerk.one/partner/niedersachsen"
"15/05/2026 09:00","In vielen Unternehmen beginnt ein Arbeitsschritt mit einer Suche.

Ein Mitarbeiter braucht ein Dokument.

Doch zuerst beginnt die Suche.

Im Ordner.
Im E-Mail-Postfach.
Im Server.
Oder bei einem Kollegen.

„Wo finde ich die Datei?“
„Wer hat das zuletzt bearbeitet?“
„In welchem Ordner liegt das?“

Diese Situationen wirken klein.

Doch sie passieren jeden Tag.

Und über Wochen entsteht daraus eine erstaunliche Menge an verlorener Zeit.

In vielen Projekten sehen wir genau dieses Muster.

Deshalb bauen wir aktuell immer häufiger interne KI-Assistenten, die Dokumente und Informationen sofort finden können.

Ein Mitarbeiter stellt eine Frage.

Und das System liefert direkt die passende Datei oder Information.

Viele Unternehmer sind überrascht, wie viel Zeit genau dort zurückgewonnen werden kann.

Mehr dazu unter:","https://www.kiwerk.one/partner/bodensee-oberschwaben"
"15/05/2026 12:00","In vielen Unternehmen beginnt ein Arbeitsschritt mit einer Suche.

Ein Mitarbeiter braucht ein Dokument.

Doch zuerst beginnt die Suche.

Im Ordner.
Im E-Mail-Postfach.
Im Server.
Oder bei einem Kollegen.

„Wo finde ich die Datei?“
„Wer hat das zuletzt bearbeitet?“
„In welchem Ordner liegt das?“

Diese Situationen wirken klein.

Doch sie passieren jeden Tag.

Und über Wochen entsteht daraus eine erstaunliche Menge an verlorener Zeit.

In vielen Projekten sehen wir genau dieses Muster.

Deshalb bauen wir aktuell immer häufiger interne KI-Assistenten, die Dokumente und Informationen sofort finden können.

Ein Mitarbeiter stellt eine Frage.

Und das System liefert direkt die passende Datei oder Information.

Viele Unternehmer sind überrascht, wie viel Zeit genau dort zurückgewonnen werden kann.

Mehr dazu unter:","https://www.kiwerk.one/partner/hohenlohe"
"18/05/2026 09:00","In vielen Unternehmen beginnt ein Arbeitsschritt mit einer Suche.

Ein Mitarbeiter braucht ein Dokument.

Doch zuerst beginnt die Suche.

Im Ordner.
Im E-Mail-Postfach.
Im Server.
Oder bei einem Kollegen.

„Wo finde ich die Datei?“
„Wer hat das zuletzt bearbeitet?“
„In welchem Ordner liegt das?“

Diese Situationen wirken klein.

Doch sie passieren jeden Tag.

Und über Wochen entsteht daraus eine erstaunliche Menge an verlorener Zeit.

In vielen Projekten sehen wir genau dieses Muster.

Deshalb bauen wir aktuell immer häufiger interne KI-Assistenten, die Dokumente und Informationen sofort finden können.

Ein Mitarbeiter stellt eine Frage.

Und das System liefert direkt die passende Datei oder Information.

Viele Unternehmer sind überrascht, wie viel Zeit genau dort zurückgewonnen werden kann.

Mehr dazu unter:","https://www.kiwerk.one/partner/vorderpfalz"
"18/05/2026 12:00","In vielen Unternehmen beginnt ein Arbeitsschritt mit einer Suche.

Ein Mitarbeiter braucht ein Dokument.

Doch zuerst beginnt die Suche.

Im Ordner.
Im E-Mail-Postfach.
Im Server.
Oder bei einem Kollegen.

„Wo finde ich die Datei?“
„Wer hat das zuletzt bearbeitet?“
„In welchem Ordner liegt das?“

Diese Situationen wirken klein.

Doch sie passieren jeden Tag.

Und über Wochen entsteht daraus eine erstaunliche Menge an verlorener Zeit.

In vielen Projekten sehen wir genau dieses Muster.

Deshalb bauen wir aktuell immer häufiger interne KI-Assistenten, die Dokumente und Informationen sofort finden können.

Ein Mitarbeiter stellt eine Frage.

Und das System liefert direkt die passende Datei oder Information.

Viele Unternehmer sind überrascht, wie viel Zeit genau dort zurückgewonnen werden kann.

Mehr dazu unter:","https://www.kiwerk.one/partner/ruhrgebiet"
"19/05/2026 09:00","In vielen Unternehmen beginnt ein Arbeitsschritt mit einer Suche.

Ein Mitarbeiter braucht ein Dokument.

Doch zuerst beginnt die Suche.

Im Ordner.
Im E-Mail-Postfach.
Im Server.
Oder bei einem Kollegen.

„Wo finde ich die Datei?“
„Wer hat das zuletzt bearbeitet?“
„In welchem Ordner liegt das?“

Diese Situationen wirken klein.

Doch sie passieren jeden Tag.

Und über Wochen entsteht daraus eine erstaunliche Menge an verlorener Zeit.

In vielen Projekten sehen wir genau dieses Muster.

Deshalb bauen wir aktuell immer häufiger interne KI-Assistenten, die Dokumente und Informationen sofort finden können.

Ein Mitarbeiter stellt eine Frage.

Und das System liefert direkt die passende Datei oder Information.

Viele Unternehmer sind überrascht, wie viel Zeit genau dort zurückgewonnen werden kann.

Mehr dazu unter:","https://www.kiwerk.one/partner/kizentrale"
"19/05/2026 12:00","In vielen Unternehmen beginnt ein Arbeitsschritt mit einer Suche.

Ein Mitarbeiter braucht ein Dokument.

Doch zuerst beginnt die Suche.

Im Ordner.
Im E-Mail-Postfach.
Im Server.
Oder bei einem Kollegen.

„Wo finde ich die Datei?“
„Wer hat das zuletzt bearbeitet?“
„In welchem Ordner liegt das?“

Diese Situationen wirken klein.

Doch sie passieren jeden Tag.

Und über Wochen entsteht daraus eine erstaunliche Menge an verlorener Zeit.

In vielen Projekten sehen wir genau dieses Muster.

Deshalb bauen wir aktuell immer häufiger interne KI-Assistenten, die Dokumente und Informationen sofort finden können.

Ein Mitarbeiter stellt eine Frage.

Und das System liefert direkt die passende Datei oder Information.

Viele Unternehmer sind überrascht, wie viel Zeit genau dort zurückgewonnen werden kann.

Mehr dazu unter:","https://www.kiwerk.one/partner/nordwest"
